http://www.susu.ru/;0
http://www.susu.ru/en/about-university;3
http://www.susu.ru/en/alumni/global-alumni-alliance;9
http://www.susu.ru/en/arts-and-culture;9
http://www.susu.ru/en/athletics;9
http://www.susu.ru/en/campus-life/association-international-students;9
http://www.susu.ru/en/campus-life/health-and-rest;9
http://www.susu.ru/en/campus-life/map-university-campus;9
http://www.susu.ru/en/campus-life/student-organizations;9
http://www.susu.ru/en/campus-life/university-life-glance;9
http://www.susu.ru/en/campus-life/university-media;9
http://www.susu.ru/en/chelyabinsk-chelyabinsk-region/chelyabinsk-living-expenses;9
http://www.susu.ru/en/chelyabinsk-chelyabinsk-region/four-seasons;9
http://www.susu.ru/en/education;9
http://www.susu.ru/en/education/bachelors-specialist-degree-programs;9
http://www.susu.ru/en/education/bachelors-specialist-degree-programs/advertising-and-public-relations;9
http://www.susu.ru/en/education/bachelors-specialist-degree-programs/aircraft-control-systems;9
http://www.susu.ru/en/education/bachelors-specialist-degree-programs/applied-informatics;9
http://www.susu.ru/en/education/bachelors-specialist-degree-programs/applied-informatics-0;9
http://www.susu.ru/en/education/bachelors-specialist-degree-programs/applied-mathematics;9
http://www.susu.ru/en/education/bachelors-specialist-degree-programs/applied-mathematics-and-computer-science;9
http://www.susu.ru/en/education/bachelors-specialist-degree-programs/applied-mathematics-and-physics;9
http://www.susu.ru/en/education/bachelors-specialist-degree-programs/applied-mechanics-dynamics-and-durability-machines;9
http://www.susu.ru/en/education/bachelors-specialist-degree-programs/architecture-field-architectural-design;9
http://www.susu.ru/en/education/bachelors-specialist-degree-programs/automation-technological-processes-and-productions;9
http://www.susu.ru/en/education/bachelors-specialist-degree-programs/business-informatics;9
http://www.susu.ru/en/education/bachelors-specialist-degree-programs/business-informatics-0;9
http://www.susu.ru/en/education/bachelors-specialist-degree-programs/chemical-technology;9
http://www.susu.ru/en/education/bachelors-specialist-degree-programs/chemistry;9
http://www.susu.ru/en/education/bachelors-specialist-degree-programs/clinical-psychology;9
http://www.susu.ru/en/education/bachelors-specialist-degree-programs/computer-science-and-computer-engineering-field;9
http://www.susu.ru/en/education/bachelors-specialist-degree-programs/computer-science-and-computers-field-automated;9
http://www.susu.ru/en/education/bachelors-specialist-degree-programs/construction-field-building-materials-products-and;9
http://www.susu.ru/en/education/bachelors-specialist-degree-programs/construction-field-heat-and-gas-supply-and-building;9
http://www.susu.ru/en/education/bachelors-specialist-degree-programs/construction-field-industrial-and-civil-0;9
http://www.susu.ru/en/education/bachelors-specialist-degree-programs/construction-field-industrial-and-civil-construction;9
http://www.susu.ru/en/education/bachelors-specialist-degree-programs/construction-field-water-supply-and-disposal;9
http://www.susu.ru/en/education/bachelors-specialist-degree-programs/construction-unique-buildings-and-structures;9
http://www.susu.ru/en/education/bachelors-specialist-degree-programs/custom-affairs;9
http://www.susu.ru/en/education/bachelors-specialist-degree-programs/design-and-technological-support-mechanical;9
http://www.susu.ru/en/education/bachelors-specialist-degree-programs/design-and-technology-electronic-equipment;9
http://www.susu.ru/en/education/bachelors-specialist-degree-programs/design-field-graphic-design;9
http://www.susu.ru/en/education/bachelors-specialist-degree-programs/ecology-and-natural-resource-utilization;9
http://www.susu.ru/en/education/bachelors-specialist-degree-programs/economics;9
http://www.susu.ru/en/education/bachelors-specialist-degree-programs/economics-banking;9
http://www.susu.ru/en/education/bachelors-specialist-degree-programs/economics-banking/economics-finance-and-credit;9
http://www.susu.ru/en/education/bachelors-specialist-degree-programs/economic-security;9
http://www.susu.ru/en/education/bachelors-specialist-degree-programs/education;9
http://www.susu.ru/en/education/bachelors-specialist-degree-programs/electronics-and-nanoelectronics;9
http://www.susu.ru/en/education/bachelors-specialist-degree-programs/energy-and-resource-conservation-processes-chemical;9
http://www.susu.ru/en/education/bachelors-specialist-degree-programs/environment-design;9
http://www.susu.ru/en/education/bachelors-specialist-degree-programs/fire-safety;9
http://www.susu.ru/en/education/bachelors-specialist-degree-programs/fire-safety-0;9
http://www.susu.ru/en/education/bachelors-specialist-degree-programs/food-service-catering;9
http://www.susu.ru/en/education/bachelors-specialist-degree-programs/foreign-studies;9
http://www.susu.ru/en/education/bachelors-specialist-degree-programs/forensic-inquiry;9
http://www.susu.ru/en/education/bachelors-specialist-degree-programs/fundamental-and-applied-linguistics;9
http://www.susu.ru/en/education/bachelors-specialist-degree-programs/fundamental-computer-science-and-information;9
http://www.susu.ru/en/education/bachelors-specialist-degree-programs/history;9
http://www.susu.ru/en/education/bachelors-specialist-degree-programs/hotel-business;9
http://www.susu.ru/en/education/bachelors-specialist-degree-programs/hotel-management;9
http://www.susu.ru/en/education/center-elite-education;9
http://www.susu.ru/en/education/distance-education;9
http://www.susu.ru/en/education/education-glance;8
http://www.susu.ru/en/education/foundation-program;9
http://www.susu.ru/en/education/innovation-education;9
http://www.susu.ru/en/education/masters-degree-programs;9
http://www.susu.ru/en/education/phd-degree-programs;9
http://www.susu.ru/en/education/project-based-learning;9
http://www.susu.ru/en/education/russian-language-course-international-students;9
http://www.susu.ru/en/international/international-grants-and-partnerships;9
http://www.susu.ru/en/international-relations-0/international-office;9
http://www.susu.ru/en/international-relations-0/international-relations-glance;9
http://www.susu.ru/en/international-relations-0/opportunities-abroad;9
http://www.susu.ru/en/international-relations-0/useful-information;9
http://www.susu.ru/en/laboratories-and-centres;9
http://www.susu.ru/en/laboratories-and-centres/research-innovation-services;9
http://www.susu.ru/en/laboratories-and-centres/university-journals;9
http://www.susu.ru/en/programs/education-programs-foreign-students/admission-trajectory;9
http://www.susu.ru/en/programs/education-programs-foreign-students/applying-student-visa;9
http://www.susu.ru/en/programs/education-programs-foreign-students/government-scholarship;9
http://www.susu.ru/en/programs/education-programs-foreign-students/when-you-arrive;9
http://www.susu.ru/en/programs/education-programs-foreign-students/why;9
http://www.susu.ru/en/project-5-100;4
http://www.susu.ru/en/research-and-innovations/at-a-glance;9
http://www.susu.ru/en/research-and-Innovations/national-research-university;9
http://www.susu.ru/en/studlife;9
http://www.susu.ru/en/university/glance;2
http://www.susu.ru/en/university/governance;5
http://www.susu.ru/en/university/rankings;7
http://www.susu.ru/en/university/schools-and-institutes;6
http://www.susu.ru/en/university/word-rector;1
http://www.susu.ru/en/university-museums;9
http://www.susu.ru/en/why/academic-research-positions;9
http://www.susu.ru/en/why/expenses-upon-arrival;9
http://www.susu.ru/en/why/forms-documents;9
http://www.susu.ru/en/why/key-contacts;9
http://www.susu.ru/en/why/postdoctoral-positions;9
http://www.susu.ru/en/why/projects-postdocs;9
http://www.susu.ru/en/why/working-visa;9
tions;9
https://www.susu.ru/en/why/projects-postdocs;9
https://www.susu.ru/en/why/working-visa;9
